business_description,domain_name,text
A mobile app that helps people find local farmers markets.,freshfinds.app,"Business: A mobile app that helps people find local farmers markets.
Domain: freshfinds.app"
An online subscription service for eco-friendly cleaning supplies.,greenbundle.com,"Business: An online subscription service for eco-friendly cleaning supplies.
Domain: greenbundle.com"
A platform that connects freelance writers with clients.,wordsmith.com,"Business: A platform that connects freelance writers with clients.
Domain: wordsmith.com"
A website that provides personalized health and fitness advice.,fitlife.com,"Business: A website that provides personalized health and fitness advice.
Domain: fitlife.com"
A social media platform that helps people find local volunteer opportunities.,volunteerforce.com,"Business: A social media platform that helps people find local volunteer opportunities.
Domain: volunteerforce.com"
A website that connects pet owners with local pet sitters.,petsitter.com,"Business: A website that connects pet owners with local pet sitters.
Domain: petsitter.com"
An online store that sells handmade crafts from local artisans.,craftswithlove.com,"Business: An online store that sells handmade crafts from local artisans.
Domain: craftswithlove.com"
A meal delivery service that uses locally-sourced ingredients.,farmtofork.com,"Business: A meal delivery service that uses locally-sourced ingredients.
Domain: farmtofork.com"
A subscription-based meal kit delivery service that uses only locally-sourced ingredients.,localdelivery.com,"Business: A subscription-based meal kit delivery service that uses only locally-sourced ingredients.
Domain: localdelivery.com"
A platform for booking eco-friendly accommodations and activities in sustainable destinations.,sustainabletravel.com,"Business: A platform for booking eco-friendly accommodations and activities in sustainable destinations.
Domain: sustainabletravel.com"
A curated selection of sustainable fashion brands that offer ethically-made clothing.,ecofashion.com,"Business: A curated selection of sustainable fashion brands that offer ethically-made clothing.
Domain: ecofashion.com"
A website that offers free online courses in a variety of subjects.,edx.org,"Business: A website that offers free online courses in a variety of subjects.
Domain: edx.org"
A platform that connects freelance writers with clients looking for content.,freelance-writer.com,"Business: A platform that connects freelance writers with clients looking for content.
Domain: freelance-writer.com"
A social media management tool that helps businesses create and schedule posts.,social-media-manager.com,"Business: A social media management tool that helps businesses create and schedule posts.
Domain: social-media-manager.com"
A personalized meal planning service for busy families.,mealtime.com,"Business: A personalized meal planning service for busy families.
Domain: mealtime.com"
A fitness app that tracks your daily water intake and reminds you to stay hydrated.,hydrate.me,"Business: A fitness app that tracks your daily water intake and reminds you to stay hydrated.
Domain: hydrate.me"
A virtual personal shopping assistant that helps you find the perfect outfit for any occasion.,stylefinder.com,"Business: A virtual personal shopping assistant that helps you find the perfect outfit for any occasion.
Domain: stylefinder.com"
A website that connects pet owners with local pet sitters.,petsitters.com,"Business: A website that connects pet owners with local pet sitters.
Domain: petsitters.com"
A tutoring platform that connects students with qualified tutors.,tutoring.com,"Business: A tutoring platform that connects students with qualified tutors.
Domain: tutoring.com"
A search engine that specializes in local business listings.,localfinder.com,"Business: A search engine that specializes in local business listings.
Domain: localfinder.com"
A mobile app that helps people find local farmers markets.,farmersmarketfinder.com,"Business: A mobile app that helps people find local farmers markets.
Domain: farmersmarketfinder.com"
An online subscription service for eco-friendly cleaning supplies.,ecofriendlycleaning.com,"Business: An online subscription service for eco-friendly cleaning supplies.
Domain: ecofriendlycleaning.com"
A food delivery service that delivers healthy meals to your door.,wholesomedelivery.com,"Business: A food delivery service that delivers healthy meals to your door.
Domain: wholesomedelivery.com"
A personalized workout app that creates customized workout plans for you.,fitforlife.com,"Business: A personalized workout app that creates customized workout plans for you.
Domain: fitforlife.com"
A platform that connects freelance writers with clients looking for quality content.,writeforhire.com,"Business: A platform that connects freelance writers with clients looking for quality content.
Domain: writeforhire.com"
A website that connects freelance writers with clients looking for content.,writeon.com,"Business: A website that connects freelance writers with clients looking for content.
Domain: writeon.com"
A platform that connects pet owners with local dog walkers and sitters.,pawfect.com,"Business: A platform that connects pet owners with local dog walkers and sitters.
Domain: pawfect.com"
A social media management tool for small businesses.,socialbiz.com,"Business: A social media management tool for small businesses.
Domain: socialbiz.com"
A platform that connects freelance writers with publishing companies.,wordsmith.com,"Business: A platform that connects freelance writers with publishing companies.
Domain: wordsmith.com"
A digital marketing agency that specializes in SEO and social media management.,marketingpros.com,"Business: A digital marketing agency that specializes in SEO and social media management.
Domain: marketingpros.com"
A subscription box that delivers healthy and natural snacks to your doorstep.,snackbox.com,"Business: A subscription box that delivers healthy and natural snacks to your doorstep.
Domain: snackbox.com"
A website that helps users plan and book their dream vacations.,dreamvacations.com,"Business: A website that helps users plan and book their dream vacations.
Domain: dreamvacations.com"
An online platform that connects pet owners with local pet sitters.,petcare.com,"Business: An online platform that connects pet owners with local pet sitters.
Domain: petcare.com"
A mobile app that helps people find local farmers markets.,freshbundle.com,"Business: A mobile app that helps people find local farmers markets.
Domain: freshbundle.com"
A personalized fitness coaching service for busy professionals.,fitpro.app,"Business: A personalized fitness coaching service for busy professionals.
Domain: fitpro.app"
A virtual event platform for creative professionals to network and showcase their work.,creativespace.com,"Business: A virtual event platform for creative professionals to network and showcase their work.
Domain: creativespace.com"
A language learning app that uses gamification to make learning fun and engaging.,languagearn.com,"Business: A language learning app that uses gamification to make learning fun and engaging.
Domain: languagearn.com"
A platform that connects aspiring artists with potential buyers.,creativeartists.org,"Business: A platform that connects aspiring artists with potential buyers.
Domain: creativeartists.org"
A website that offers personalized meal planning and healthy recipe suggestions.,nutritious.com,"Business: A website that offers personalized meal planning and healthy recipe suggestions.
Domain: nutritious.com"
"A subscription box service for locally sourced, artisanal snacks.",farmfreshsnacks.com,"Business: A subscription box service for locally sourced, artisanal snacks.
Domain: farmfreshsnacks.com"
A platform that connects freelancers with clients.,freelancehub.com,"Business: A platform that connects freelancers with clients.
Domain: freelancehub.com"
A meal delivery service for busy professionals.,quickbite.com,"Business: A meal delivery service for busy professionals.
Domain: quickbite.com"
A social media platform for pet owners.,petnet.com,"Business: A social media platform for pet owners.
Domain: petnet.com"
A mobile app that connects foodies with local farmers and artisans.,farmersandartisans.app,"Business: A mobile app that connects foodies with local farmers and artisans.
Domain: farmersandartisans.app"
A social media platform for pet owners to share photos and stories about their furry friends.,petpals.com,"Business: A social media platform for pet owners to share photos and stories about their furry friends.
Domain: petpals.com"
A virtual reality experience company that creates immersive travel and education experiences.,vrwanderlust.com,"Business: A virtual reality experience company that creates immersive travel and education experiences.
Domain: vrwanderlust.com"
A subscription box service for organic skincare products that cater to different skin types.,skincarebox.com,"Business: A subscription box service for organic skincare products that cater to different skin types.
Domain: skincarebox.com"
"An online marketplace for vintage clothing, accessories, and home decor.",vintageshoppe.com,"Business: An online marketplace for vintage clothing, accessories, and home decor.
Domain: vintageshoppe.com"
A personalized meal delivery service for busy families.,familyfeast.com,"Business: A personalized meal delivery service for busy families.
Domain: familyfeast.com"
A fitness app with personalized workout plans and nutrition guides.,fitlife.io,"Business: A fitness app with personalized workout plans and nutrition guides.
Domain: fitlife.io"
A virtual event platform that helps businesses organize and host online events.,eventconnect.com,"Business: A virtual event platform that helps businesses organize and host online events.
Domain: eventconnect.com"
A subscription-based meal kit delivery service for vegan and vegetarian diets.,plantbasedpros.com,"Business: A subscription-based meal kit delivery service for vegan and vegetarian diets.
Domain: plantbasedpros.com"
A social network for pet owners to connect and share photos and stories.,petspace.com,"Business: A social network for pet owners to connect and share photos and stories.
Domain: petspace.com"
A subscription-based platform for online art classes and tutorials.,artclass.com,"Business: A subscription-based platform for online art classes and tutorials.
Domain: artclass.com"
A travel agency that specializes in eco-tours.,earthboundtravels.com,"Business: A travel agency that specializes in eco-tours.
Domain: earthboundtravels.com"
A fitness studio that offers outdoor classes in natural settings.,wildfit.com,"Business: A fitness studio that offers outdoor classes in natural settings.
Domain: wildfit.com"
A clothing line that uses sustainable materials and ethical manufacturing practices.,earthystyle.com,"Business: A clothing line that uses sustainable materials and ethical manufacturing practices.
Domain: earthystyle.com"
A subscription-based meal delivery service that offers plant-based options.,plantful.com,"Business: A subscription-based meal delivery service that offers plant-based options.
Domain: plantful.com"
A web platform that connects freelance writers with small businesses in need of content.,writeforhire.com,"Business: A web platform that connects freelance writers with small businesses in need of content.
Domain: writeforhire.com"
"A subscription-based online learning platform that offers courses in coding, design, and creative writing.",learnwith.com,"Business: A subscription-based online learning platform that offers courses in coding, design, and creative writing.
Domain: learnwith.com"
A platform for connecting freelance writers with clients.,wordswith.com,"Business: A platform for connecting freelance writers with clients.
Domain: wordswith.com"
A subscription-based meal kit service for busy working professionals.,mealhappy.com,"Business: A subscription-based meal kit service for busy working professionals.
Domain: mealhappy.com"
A mobile app that helps users book and manage home cleaning services.,cleanhome.app,"Business: A mobile app that helps users book and manage home cleaning services.
Domain: cleanhome.app"
A platform that connects freelance writers with companies in need of content.,wordpower.com,"Business: A platform that connects freelance writers with companies in need of content.
Domain: wordpower.com"
An online marketplace for handmade crafts and unique products.,crafty.com,"Business: An online marketplace for handmade crafts and unique products.
Domain: crafty.com"
A social media management tool for small businesses.,socialbuzz.com,"Business: A social media management tool for small businesses.
Domain: socialbuzz.com"
An online platform for connecting freelancers with clients.,freelancers.com,"Business: An online platform for connecting freelancers with clients.
Domain: freelancers.com"
A platform for renting out bicycles in urban areas.,bikebook.com,"Business: A platform for renting out bicycles in urban areas.
Domain: bikebook.com"
A subscription service for delivering healthy meals to your door.,foodie.com,"Business: A subscription service for delivering healthy meals to your door.
Domain: foodie.com"
An online marketplace for vintage clothing and accessories.,vintagecity.com,"Business: An online marketplace for vintage clothing and accessories.
Domain: vintagecity.com"
A service that connects pet owners with local dog walkers and pet sitters.,pawprint.com,"Business: A service that connects pet owners with local dog walkers and pet sitters.
Domain: pawprint.com"
A fitness app that offers personalized workouts and nutrition plans.,fitify.com,"Business: A fitness app that offers personalized workouts and nutrition plans.
Domain: fitify.com"
A platform that connects freelance writers with clients.,wordsmiths.io,"Business: A platform that connects freelance writers with clients.
Domain: wordsmiths.io"
A virtual fitness program that offers personalized workouts.,fitfusion.com,"Business: A virtual fitness program that offers personalized workouts.
Domain: fitfusion.com"
A subscription-based meal delivery service that offers healthy and balanced meals.,nutritiondelivered.com,"Business: A subscription-based meal delivery service that offers healthy and balanced meals.
Domain: nutritiondelivered.com"
A website that connects pet owners with local dog walkers.,pawslive.com,"Business: A website that connects pet owners with local dog walkers.
Domain: pawslive.com"
A platform that helps small businesses find affordable marketing solutions.,smallbizmarketing.com,"Business: A platform that helps small businesses find affordable marketing solutions.
Domain: smallbizmarketing.com"
A social media management tool for businesses of all sizes.,socialmediamanager.com,"Business: A social media management tool for businesses of all sizes.
Domain: socialmediamanager.com"
A platform for renting out unused storage space.,unusedstorage.com,"Business: A platform for renting out unused storage space.
Domain: unusedstorage.com"
A service that connects pet owners with local dog walkers.,pawwalker.com,"Business: A service that connects pet owners with local dog walkers.
Domain: pawwalker.com"
A travel booking platform that specializes in sustainable eco-tourism.,greentourism.com,"Business: A travel booking platform that specializes in sustainable eco-tourism.
Domain: greentourism.com"
A personalized financial planning app for busy professionals.,moneypulse.app,"Business: A personalized financial planning app for busy professionals.
Domain: moneypulse.app"
An online marketplace for handmade jewelry and accessories.,artisancrafts.com,"Business: An online marketplace for handmade jewelry and accessories.
Domain: artisancrafts.com"
A mental health platform that connects individuals with licensed therapists.,mindfulcare.com,"Business: A mental health platform that connects individuals with licensed therapists.
Domain: mindfulcare.com"
A website that offers personalized meal planning and grocery delivery.,mealjoy.com,"Business: A website that offers personalized meal planning and grocery delivery.
Domain: mealjoy.com"
A platform for exchanging and renting out unused kitchen appliances.,kitchenpool.com,"Business: A platform for exchanging and renting out unused kitchen appliances.
Domain: kitchenpool.com"
A subscription service for monthly beauty product boxes curated by industry experts.,beautybox.com,"Business: A subscription service for monthly beauty product boxes curated by industry experts.
Domain: beautybox.com"
A platform for connecting pet owners with local pet sitters.,pawssit.com,"Business: A platform for connecting pet owners with local pet sitters.
Domain: pawssit.com"
A social networking site for travelers to connect with locals and share travel experiences.,wanderlust.com,"Business: A social networking site for travelers to connect with locals and share travel experiences.
Domain: wanderlust.com"
A meal delivery service that offers healthy and delicious meals for busy professionals.,nourish.me,"Business: A meal delivery service that offers healthy and delicious meals for busy professionals.
Domain: nourish.me"
"A platform for renting out electric scooters, bikes, and hoverboards.",e-scooter-rental.com,"Business: A platform for renting out electric scooters, bikes, and hoverboards.
Domain: e-scooter-rental.com"
A website that connects freelance graphic designers with clients.,designers.com,"Business: A website that connects freelance graphic designers with clients.
Domain: designers.com"
"A meal delivery service that sources ingredients from local farmers and delivers healthy, farm-to-table meals to customers.",farmfreshdelivery.com,"Business: A meal delivery service that sources ingredients from local farmers and delivers healthy, farm-to-table meals to customers.
Domain: farmfreshdelivery.com"
A mobile app that helps people find local farmers markets.,farmersfinds.app,"Business: A mobile app that helps people find local farmers markets.
Domain: farmersfinds.app"
An AI-powered language learning app.,langlearn.app,"Business: An AI-powered language learning app.
Domain: langlearn.app"
A fitness tracking app that incorporates nutrition advice.,fitnourish.app,"Business: A fitness tracking app that incorporates nutrition advice.
Domain: fitnourish.app"
A platform for booking local home services like repair and cleaning.,homehubs.com,"Business: A platform for booking local home services like repair and cleaning.
Domain: homehubs.com"
A sustainable fashion marketplace that connects consumers with ethical brands.,greenstyle.com,"Business: A sustainable fashion marketplace that connects consumers with ethical brands.
Domain: greenstyle.com"
A platform that connects volunteers with local non-profit organizations.,volunteerhub.com,"Business: A platform that connects volunteers with local non-profit organizations.
Domain: volunteerhub.com"
An online tutoring service for elementary school students.,kidstutor.com,"Business: An online tutoring service for elementary school students.
Domain: kidstutor.com"
An online platform for booking local tours and experiences.,explorecity.com,"Business: An online platform for booking local tours and experiences.
Domain: explorecity.com"
A personalized meal planning service that focuses on plant-based recipes.,plantperfect.com,"Business: A personalized meal planning service that focuses on plant-based recipes.
Domain: plantperfect.com"
A subscription box service that delivers healthy snacks and meal ingredients.,healthybox.com,"Business: A subscription box service that delivers healthy snacks and meal ingredients.
Domain: healthybox.com"
A platform that connects freelancers with clients in need of creative services.,creativeconnect.com,"Business: A platform that connects freelancers with clients in need of creative services.
Domain: creativeconnect.com"
A website that offers personalized meal plans based on dietary restrictions and preferences.,mealmakeover.com,"Business: A website that offers personalized meal plans based on dietary restrictions and preferences.
Domain: mealmakeover.com"
"A subscription box service that delivers curated books, puzzles, and games to your doorstep.",bookbox.net,"Business: A subscription box service that delivers curated books, puzzles, and games to your doorstep.
Domain: bookbox.net"
A car-sharing service that connects travelers with locals for affordable rides.,travelswift.co,"Business: A car-sharing service that connects travelers with locals for affordable rides.
Domain: travelswift.co"
A home decor and furniture rental service for those who love to change up their space frequently.,homerenaissance.com,"Business: A home decor and furniture rental service for those who love to change up their space frequently.
Domain: homerenaissance.com"
An online platform that connects freelance writers with clients for writing projects.,wordwizard.io,"Business: An online platform that connects freelance writers with clients for writing projects.
Domain: wordwizard.io"
A mobile app that connects pet owners with local pet sitters and walkers.,petsitters.com,"Business: A mobile app that connects pet owners with local pet sitters and walkers.
Domain: petsitters.com"
A website that connects travelers with local tour guides.,toursbylocal.com,"Business: A website that connects travelers with local tour guides.
Domain: toursbylocal.com"
A social media platform for pet lovers to share photos and stories.,petpals.com,"Business: A social media platform for pet lovers to share photos and stories.
Domain: petpals.com"
A software as a service (SaaS) solution for small businesses to manage their finances.,financestuff.com,"Business: A software as a service (SaaS) solution for small businesses to manage their finances.
Domain: financestuff.com"
A subscription box service for gourmet chocolates.,chocolatebox.com,"Business: A subscription box service for gourmet chocolates.
Domain: chocolatebox.com"
A food delivery service that specializes in locally sourced and sustainable ingredients.,localfooddelivery.com,"Business: A food delivery service that specializes in locally sourced and sustainable ingredients.
Domain: localfooddelivery.com"
A sustainable fashion brand that uses recycled materials and ethical manufacturing processes.,recycledwear.com,"Business: A sustainable fashion brand that uses recycled materials and ethical manufacturing processes.
Domain: recycledwear.com"
A platform that connects freelance writers with businesses in need of content creation.,writeonus.com,"Business: A platform that connects freelance writers with businesses in need of content creation.
Domain: writeonus.com"
A subscription box service that delivers a curated selection of healthy snacks and drinks every month.,snackbox.com,"Business: A subscription box service that delivers a curated selection of healthy snacks and drinks every month.
Domain: snackbox.com"
An eco-friendly home decor company that sells handmade items made from recycled materials.,recycleddecor.com,"Business: An eco-friendly home decor company that sells handmade items made from recycled materials.
Domain: recycleddecor.com"
A subscription service for gourmet coffee delivered to your door.,coffeelover.com,"Business: A subscription service for gourmet coffee delivered to your door.
Domain: coffeelover.com"
A platform for booking local pet-sitting and dog-walking services.,petworx.com,"Business: A platform for booking local pet-sitting and dog-walking services.
Domain: petworx.com"
An online marketplace for vintage clothing and accessories.,vintagetales.com,"Business: An online marketplace for vintage clothing and accessories.
Domain: vintagetales.com"
An online tutoring service for college students.,campusaid.com,"Business: An online tutoring service for college students.
Domain: campusaid.com"
A company that offers healthy meal delivery services to busy professionals.,fitmeals.com,"Business: A company that offers healthy meal delivery services to busy professionals.
Domain: fitmeals.com"
"A subscription model for monthly deliveries of fresh, organic produce.",farm2fridge.com,"Business: A subscription model for monthly deliveries of fresh, organic produce.
Domain: farm2fridge.com"
A virtual reality platform for immersive learning experiences.,learnvr.com,"Business: A virtual reality platform for immersive learning experiences.
Domain: learnvr.com"
An online marketplace for handmade artisanal products.,handmade.com,"Business: An online marketplace for handmade artisanal products.
Domain: handmade.com"
A new startup that connects freelance writers with clients.,wordconnect.com,"Business: A new startup that connects freelance writers with clients.
Domain: wordconnect.com"
"A meal delivery service that focuses on locally-sourced, seasonal ingredients.",farmtofork.com,"Business: A meal delivery service that focuses on locally-sourced, seasonal ingredients.
Domain: farmtofork.com"
An online marketplace for handmade jewelry and accessories.,artisanjewelry.com,"Business: An online marketplace for handmade jewelry and accessories.
Domain: artisanjewelry.com"
A subscription-based service for personalized skincare products.,skincarelover.com,"Business: A subscription-based service for personalized skincare products.
Domain: skincarelover.com"
A mobile app that helps people find local pet-sitters.,petfinder.com,"Business: A mobile app that helps people find local pet-sitters.
Domain: petfinder.com"
A platform that connects freelance writers with clients looking for content creation.,writeon.com,"Business: A platform that connects freelance writers with clients looking for content creation.
Domain: writeon.com"
A subscription-based meal kit delivery service that specializes in plant-based options.,plantbasedkitchen.com,"Business: A subscription-based meal kit delivery service that specializes in plant-based options.
Domain: plantbasedkitchen.com"
A mobile app that helps users find local hiking trails and parks.,hikerfinder.app,"Business: A mobile app that helps users find local hiking trails and parks.
Domain: hikerfinder.app"
An online marketplace for vintage and unique home decor items.,vintagefinds.com,"Business: An online marketplace for vintage and unique home decor items.
Domain: vintagefinds.com"
A subscription service for personalized beauty products and tutorials.,beautybox.com,"Business: A subscription service for personalized beauty products and tutorials.
Domain: beautybox.com"
A tutoring platform for high school students.,studyup.com,"Business: A tutoring platform for high school students.
Domain: studyup.com"
A pet adoption agency with local shelters.,petsforlife.org,"Business: A pet adoption agency with local shelters.
Domain: petsforlife.org"
A platform for booking local DIY home improvement projects.,homeimprovementhub.com,"Business: A platform for booking local DIY home improvement projects.
Domain: homeimprovementhub.com"
A subscription service for organic skincare products.,nourishbeauty.com,"Business: A subscription service for organic skincare products.
Domain: nourishbeauty.com"
A platform for booking pet-friendly accommodations.,petlodge.com,"Business: A platform for booking pet-friendly accommodations.
Domain: petlodge.com"
A service that connects people with local music lessons.,musictime.com,"Business: A service that connects people with local music lessons.
Domain: musictime.com"
A mobile app that helps people find local yoga classes.,yogalosophy.app,"Business: A mobile app that helps people find local yoga classes.
Domain: yogalosophy.app"
An online marketplace for locally made jewelry.,artisanaljewelry.com,"Business: An online marketplace for locally made jewelry.
Domain: artisanaljewelry.com"
A mobile app that helps people find local restaurants that offer healthy options.,healthyspot.app,"Business: A mobile app that helps people find local restaurants that offer healthy options.
Domain: healthyspot.app"
A plant-based meal delivery service that sources ingredients from local farms.,plantpower.com,"Business: A plant-based meal delivery service that sources ingredients from local farms.
Domain: plantpower.com"
A platform that connects freelance writers with clients in need of content creation.,writepointers.com,"Business: A platform that connects freelance writers with clients in need of content creation.
Domain: writepointers.com"
A sustainable fashion e-commerce store that features ethically made clothing and accessories.,ecofashion.com,"Business: A sustainable fashion e-commerce store that features ethically made clothing and accessories.
Domain: ecofashion.com"
A platform for connecting local businesses with customers through social media.,localconnect.com,"Business: A platform for connecting local businesses with customers through social media.
Domain: localconnect.com"
An online marketplace for handmade jewelry and accessories.,handmadebazaar.com,"Business: An online marketplace for handmade jewelry and accessories.
Domain: handmadebazaar.com"
"A subscription service for receiving weekly care packages filled with local, organic products.",farmtohome.com,"Business: A subscription service for receiving weekly care packages filled with local, organic products.
Domain: farmtohome.com"
A platform for booking eco-friendly accommodations around the world.,earthbnb.com,"Business: A platform for booking eco-friendly accommodations around the world.
Domain: earthbnb.com"
An online marketplace for locally-made crafts and goods from small businesses.,localcrafts.com,"Business: An online marketplace for locally-made crafts and goods from small businesses.
Domain: localcrafts.com"
A digital subscription service for eco-friendly home and garden products.,earthybudgets.com,"Business: A digital subscription service for eco-friendly home and garden products.
Domain: earthybudgets.com"
A social media platform for eco-friendly living and sustainability,greenlife.com,"Business: A social media platform for eco-friendly living and sustainability
Domain: greenlife.com"
An online marketplace for eco-friendly and sustainable fashion products,greenstyle.com,"Business: An online marketplace for eco-friendly and sustainable fashion products
Domain: greenstyle.com"
"An online community for eco-friendly foodies to share recipes, restaurant reviews, and cooking tips",greencook.com,"Business: An online community for eco-friendly foodies to share recipes, restaurant reviews, and cooking tips
Domain: greencook.com"
A platform for connecting volunteers with local nonprofit organizations.,volunteerhub.org,"Business: A platform for connecting volunteers with local nonprofit organizations.
Domain: volunteerhub.org"
A website that helps people find affordable and sustainable clothing options.,fashionforward.com,"Business: A website that helps people find affordable and sustainable clothing options.
Domain: fashionforward.com"
A subscription box service for eco-friendly beauty products.,greenbeautybox.com,"Business: A subscription box service for eco-friendly beauty products.
Domain: greenbeautybox.com"
A subscription box service for gourmet snacks.,snacksbox.com,"Business: A subscription box service for gourmet snacks.
Domain: snacksbox.com"
A meal delivery service for busy professionals.,mealbox.net,"Business: A meal delivery service for busy professionals.
Domain: mealbox.net"
A website that connects pet owners with local pet sitters.,petsitters.org,"Business: A website that connects pet owners with local pet sitters.
Domain: petsitters.org"
A platform that connects artists with potential buyers.,artfinder.com,"Business: A platform that connects artists with potential buyers.
Domain: artfinder.com"
A social networking site for pet owners.,petplay.net,"Business: A social networking site for pet owners.
Domain: petplay.net"
A website that offers personalized meal planning and recipe ideas.,meals.com,"Business: A website that offers personalized meal planning and recipe ideas.
Domain: meals.com"
A platform that connects freelance writers with small businesses.,writewit.com,"Business: A platform that connects freelance writers with small businesses.
Domain: writewit.com"
A new platform for booking local home-cooked meals.,homecook.com,"Business: A new platform for booking local home-cooked meals.
Domain: homecook.com"
An online marketplace for vintage clothing and accessories.,vintagesale.com,"Business: An online marketplace for vintage clothing and accessories.
Domain: vintagesale.com"
A mobile app that helps people find local farmers markets.,ecoclean.app,"Business: A mobile app that helps people find local farmers markets.
Domain: ecoclean.app"
An online subscription service for eco-friendly cleaning supplies.,eco-clean.com,"Business: An online subscription service for eco-friendly cleaning supplies.
Domain: eco-clean.com"
A delivery service for fresh produce from local farms.,farmfresh.com,"Business: A delivery service for fresh produce from local farms.
Domain: farmfresh.com"
An interactive platform for finding and booking sustainable travel options.,sustainabletravel.com,"Business: An interactive platform for finding and booking sustainable travel options.
Domain: sustainabletravel.com"
A website that offers eco-friendly home decor items.,greenhome.com,"Business: A website that offers eco-friendly home decor items.
Domain: greenhome.com"
A social media platform for connecting with local businesses and artisans.,localchats.com,"Business: A social media platform for connecting with local businesses and artisans.
Domain: localchats.com"
A subscription service for organic and non-GMO pet food.,pawntastic.com,"Business: A subscription service for organic and non-GMO pet food.
Domain: pawntastic.com"
A platform for booking local art classes.,artsandcrafts.com,"Business: A platform for booking local art classes.
Domain: artsandcrafts.com"
A website for eco-friendly pet products.,petplanet.com,"Business: A website for eco-friendly pet products.
Domain: petplanet.com"
An online marketplace for handmade jewelry.,jewelrybox.com,"Business: An online marketplace for handmade jewelry.
Domain: jewelrybox.com"
An online platform for organic farming and sustainable agriculture.,farmtogrow.com,"Business: An online platform for organic farming and sustainable agriculture.
Domain: farmtogrow.com"
A subscription box service that delivers healthy snacks and household essentials.,snackbox.com,"Business: A subscription box service that delivers healthy snacks and household essentials.
Domain: snackbox.com"
An eco-friendly online shopping platform for sustainable products and services.,sustainablestore.com,"Business: An eco-friendly online shopping platform for sustainable products and services.
Domain: sustainablestore.com"
A virtual fitness platform for people who live in small spaces.,fitinhome.com,"Business: A virtual fitness platform for people who live in small spaces.
Domain: fitinhome.com"
A language learning app that uses gamification to make learning fun.,learnfun.com,"Business: A language learning app that uses gamification to make learning fun.
Domain: learnfun.com"
A meal delivery service that sources sustainable ingredients from local farmers and restaurants.,sustainableeats.com,"Business: A meal delivery service that sources sustainable ingredients from local farmers and restaurants.
Domain: sustainableeats.com"
A website that connects pet owners with local pet sitters.,petcarefinder.com,"Business: A website that connects pet owners with local pet sitters.
Domain: petcarefinder.com"
A platform that connects freelance writers with clients.,writeondemand.com,"Business: A platform that connects freelance writers with clients.
Domain: writeondemand.com"
An online marketplace for handmade jewelry and accessories.,handmadebeauty.com,"Business: An online marketplace for handmade jewelry and accessories.
Domain: handmadebeauty.com"
A home automation system that lets you control all your appliances from your phone.,smarthome.co,"Business: A home automation system that lets you control all your appliances from your phone.
Domain: smarthome.co"
A platform that connects freelance writers with clients looking for content.,wordswithoutborders.com,"Business: A platform that connects freelance writers with clients looking for content.
Domain: wordswithoutborders.com"
A dating app that uses AI to match you with your ideal partner.,perfectmate.io,"Business: A dating app that uses AI to match you with your ideal partner.
Domain: perfectmate.io"
A subscription box service for gourmet coffee beans.,coffeelover.com,"Business: A subscription box service for gourmet coffee beans.
Domain: coffeelover.com"
A website that connects freelance writers with clients.,writeoncall.com,"Business: A website that connects freelance writers with clients.
Domain: writeoncall.com"
A tool that helps small businesses manage their finances and bookkeeping.,financefix.com,"Business: A tool that helps small businesses manage their finances and bookkeeping.
Domain: financefix.com"
A platform that connects local artists with customers looking for unique handmade products.,artconnection.com,"Business: A platform that connects local artists with customers looking for unique handmade products.
Domain: artconnection.com"
A website that provides information on sustainable and ethical fashion.,ethicalstyle.com,"Business: A website that provides information on sustainable and ethical fashion.
Domain: ethicalstyle.com"
An online platform for renting and renting out bicycles.,bike-share.com,"Business: An online platform for renting and renting out bicycles.
Domain: bike-share.com"
A website that provides healthy recipes and meal planning tips.,healthyloop.com,"Business: A website that provides healthy recipes and meal planning tips.
Domain: healthyloop.com"
A home cleaning service that uses natural and eco-friendly products.,cleanhome.com,"Business: A home cleaning service that uses natural and eco-friendly products.
Domain: cleanhome.com"
A platform that connects local artists with customers looking for unique artwork.,artfind.com,"Business: A platform that connects local artists with customers looking for unique artwork.
Domain: artfind.com"
A travel booking platform that prioritizes sustainable travel options.,earthtravelemag.com,"Business: A travel booking platform that prioritizes sustainable travel options.
Domain: earthtravelemag.com"
A platform for booking eco-friendly accommodations and experiences.,greenholidays.com,"Business: A platform for booking eco-friendly accommodations and experiences.
Domain: greenholidays.com"
An app that connects people with local volunteers to help with community service projects.,volunteermatch.app,"Business: An app that connects people with local volunteers to help with community service projects.
Domain: volunteermatch.app"
A website that provides healthy recipes and meal plans.,wholesomefood.com,"Business: A website that provides healthy recipes and meal plans.
Domain: wholesomefood.com"
An online marketplace for vintage clothing and accessories.,vintagehunt.com,"Business: An online marketplace for vintage clothing and accessories.
Domain: vintagehunt.com"
A mobile game that teaches children about different countries and cultures.,worldexplorer.app,"Business: A mobile game that teaches children about different countries and cultures.
Domain: worldexplorer.app"
A meal prep delivery service that uses locally sourced ingredients.,localfood.com,"Business: A meal prep delivery service that uses locally sourced ingredients.
Domain: localfood.com"
A platform for connecting freelance writers with businesses in need of content.,contentconnect.com,"Business: A platform for connecting freelance writers with businesses in need of content.
Domain: contentconnect.com"
A website that provides DIY home improvement tutorials and inspiration.,homehacks.com,"Business: A website that provides DIY home improvement tutorials and inspiration.
Domain: homehacks.com"
A virtual reality platform for immersive travel experiences.,travelvr.com,"Business: A virtual reality platform for immersive travel experiences.
Domain: travelvr.com"
A personalized meal planning service for busy professionals.,mealmate.com,"Business: A personalized meal planning service for busy professionals.
Domain: mealmate.com"
A language learning app that offers live classes with native speakers.,speakup.com,"Business: A language learning app that offers live classes with native speakers.
Domain: speakup.com"
"A recipe website that shares healthy, easy-to-make meals.",healthyrecipes.com,"Business: A recipe website that shares healthy, easy-to-make meals.
Domain: healthyrecipes.com"
A virtual interior design service that helps people choose the perfect furniture.,designsbydesigns.com,"Business: A virtual interior design service that helps people choose the perfect furniture.
Domain: designsbydesigns.com"
A language-learning platform that offers personalized lessons and virtual tutoring.,languagelearner.com,"Business: A language-learning platform that offers personalized lessons and virtual tutoring.
Domain: languagelearner.com"
"A meal delivery service that offers vegan, gluten-free, and organic options.",plantbasedplates.com,"Business: A meal delivery service that offers vegan, gluten-free, and organic options.
Domain: plantbasedplates.com"
A clothing rental service for special occasions and events.,eventwear.com,"Business: A clothing rental service for special occasions and events.
Domain: eventwear.com"
A fitness app that provides personalized workout routines and nutrition plans.,fitforlife.com,"Business: A fitness app that provides personalized workout routines and nutrition plans.
Domain: fitforlife.com"
A tutoring service for high school students looking to improve their grades.,studywell.com,"Business: A tutoring service for high school students looking to improve their grades.
Domain: studywell.com"
A pet sitting service for busy pet owners.,petwatch.com,"Business: A pet sitting service for busy pet owners.
Domain: petwatch.com"
A meal delivery service that offers healthy and affordable options.,nutri-delivery.com,"Business: A meal delivery service that offers healthy and affordable options.
Domain: nutri-delivery.com"
A platform for booking local home cleaning services.,homeclean.com,"Business: A platform for booking local home cleaning services.
Domain: homeclean.com"
A marketplace for handmade artisanal goods.,handmade.com,"Business: A marketplace for handmade artisanal goods.
Domain: handmade.com"
A social network for connecting with like-minded individuals who prioritize sustainability.,sustainability.net,"Business: A social network for connecting with like-minded individuals who prioritize sustainability.
Domain: sustainability.net"
A personalized nutrition coaching service for busy professionals.,nutrilife.co,"Business: A personalized nutrition coaching service for busy professionals.
Domain: nutrilife.co"
A virtual tutoring platform for middle school students.,elevatestudio.com,"Business: A virtual tutoring platform for middle school students.
Domain: elevatestudio.com"
A subscription box service for unique and handmade jewelry.,handmadejewelrybox.com,"Business: A subscription box service for unique and handmade jewelry.
Domain: handmadejewelrybox.com"
A wellness website that offers online yoga classes and meditation sessions.,wellnesswaves.com,"Business: A wellness website that offers online yoga classes and meditation sessions.
Domain: wellnesswaves.com"
A food delivery service that specializes in organic and locally sourced ingredients.,healthyeats.com,"Business: A food delivery service that specializes in organic and locally sourced ingredients.
Domain: healthyeats.com"
An eco-friendly home goods store that offers sustainable alternatives to traditional household products.,ecoliving.com,"Business: An eco-friendly home goods store that offers sustainable alternatives to traditional household products.
Domain: ecoliving.com"
A platform that connects farmers with local restaurants.,farmersmarket.com,"Business: A platform that connects farmers with local restaurants.
Domain: farmersmarket.com"
A subscription-based meal kit delivery service that uses only organic ingredients.,organickitchens.com,"Business: A subscription-based meal kit delivery service that uses only organic ingredients.
Domain: organickitchens.com"
A subscription service for workout and fitness classes in local gyms.,getfit.com,"Business: A subscription service for workout and fitness classes in local gyms.
Domain: getfit.com"
A website that connects travelers with local hosts for personalized tours.,localhosts.com,"Business: A website that connects travelers with local hosts for personalized tours.
Domain: localhosts.com"
A platform that connects freelance graphic designers with clients.,graphicfreelancers.com,"Business: A platform that connects freelance graphic designers with clients.
Domain: graphicfreelancers.com"
A digital marketing agency that specializes in social media management.,socialmedia.net,"Business: A digital marketing agency that specializes in social media management.
Domain: socialmedia.net"
"A website that sells handmade, sustainable clothing.",ecofriendlyfashion.com,"Business: A website that sells handmade, sustainable clothing.
Domain: ecofriendlyfashion.com"
A search engine that specializes in finding the best deals on eco-friendly products.,lowecoproducts.com,"Business: A search engine that specializes in finding the best deals on eco-friendly products.
Domain: lowecoproducts.com"
"A platform that connects local farmers with consumers who want to buy fresh, locally grown produce.",farmersmarket.com,"Business: A platform that connects local farmers with consumers who want to buy fresh, locally grown produce.
Domain: farmersmarket.com"
A subscription service for weekly meal delivery that sources ingredients from local farms.,farm2table.net,"Business: A subscription service for weekly meal delivery that sources ingredients from local farms.
Domain: farm2table.net"
A platform that connects people with local businesses and community events.,communityhub.co,"Business: A platform that connects people with local businesses and community events.
Domain: communityhub.co"
A mobile app that helps people find and book local yoga classes.,yogajourney.com,"Business: A mobile app that helps people find and book local yoga classes.
Domain: yogajourney.com"
A subscription service for monthly boxes of locally sourced beauty products.,beautyfinds.com,"Business: A subscription service for monthly boxes of locally sourced beauty products.
Domain: beautyfinds.com"
A platform that connects freelance writers with clients who need content written.,writetechs.com,"Business: A platform that connects freelance writers with clients who need content written.
Domain: writetechs.com"
A website that connects pet owners with local pet sitters.,petcare.com,"Business: A website that connects pet owners with local pet sitters.
Domain: petcare.com"
A social media platform for pet lovers to connect and share photos of their furry friends.,petsunite.com,"Business: A social media platform for pet lovers to connect and share photos of their furry friends.
Domain: petsunite.com"
"A subscription service for weekly meal delivery, featuring locally sourced ingredients.",localfood.com,"Business: A subscription service for weekly meal delivery, featuring locally sourced ingredients.
Domain: localfood.com"
A virtual fitness platform for people to workout at home.,homefitness.com,"Business: A virtual fitness platform for people to workout at home.
Domain: homefitness.com"
"A meal delivery service that offers healthy, organic meals.",healthysnack.com,"Business: A meal delivery service that offers healthy, organic meals.
Domain: healthysnack.com"
A fashion subscription service that delivers unique clothing items each month.,stylebox.com,"Business: A fashion subscription service that delivers unique clothing items each month.
Domain: stylebox.com"
A platform for connecting pet owners with local pet sitters.,petsitting.com,"Business: A platform for connecting pet owners with local pet sitters.
Domain: petsitting.com"
A meal delivery service for busy professionals.,mealsonwheels.com,"Business: A meal delivery service for busy professionals.
Domain: mealsonwheels.com"
A subscription box service for eco-friendly home goods.,greenbox.com,"Business: A subscription box service for eco-friendly home goods.
Domain: greenbox.com"
A language learning app that teaches beginners Spanish in 10-minute sessions.,learnspanish.app,"Business: A language learning app that teaches beginners Spanish in 10-minute sessions.
Domain: learnspanish.app"
A meal delivery service that offers plant-based and gluten-free options.,greenplate.com,"Business: A meal delivery service that offers plant-based and gluten-free options.
Domain: greenplate.com"
A social media management platform for small businesses.,smmax.com,"Business: A social media management platform for small businesses.
Domain: smmax.com"
A skincare subscription box that features products from natural and organic brands.,naturalskincare.com,"Business: A skincare subscription box that features products from natural and organic brands.
Domain: naturalskincare.com"
A car rental service that specializes in electric vehicles.,evrental.com,"Business: A car rental service that specializes in electric vehicles.
Domain: evrental.com"
A meal delivery service that offers healthy and sustainable options.,nourishdelivery.com,"Business: A meal delivery service that offers healthy and sustainable options.
Domain: nourishdelivery.com"
A website that connects homeowners with local handymen for home repairs and maintenance.,handymanfinder.com,"Business: A website that connects homeowners with local handymen for home repairs and maintenance.
Domain: handymanfinder.com"
A digital platform that helps people find and join local book clubs.,bookworm.com,"Business: A digital platform that helps people find and join local book clubs.
Domain: bookworm.com"
A platform for handmade jewelry that donates a portion of proceeds to charity.,artistryforgood.com,"Business: A platform for handmade jewelry that donates a portion of proceeds to charity.
Domain: artistryforgood.com"
A tutoring service for elementary school students that focuses on personalized learning.,kidditutors.com,"Business: A tutoring service for elementary school students that focuses on personalized learning.
Domain: kidditutors.com"
An online marketplace for handmade home decor items.,decorativedreams.com,"Business: An online marketplace for handmade home decor items.
Domain: decorativedreams.com"
A site that offers affordable and sustainable clothing options.,ecofashion.net,"Business: A site that offers affordable and sustainable clothing options.
Domain: ecofashion.net"
A meal delivery service that sources ingredients from local farmers.,farm2fork.com,"Business: A meal delivery service that sources ingredients from local farmers.
Domain: farm2fork.com"
An online marketplace for handmade crafts and art pieces.,artshop.com,"Business: An online marketplace for handmade crafts and art pieces.
Domain: artshop.com"
A platform for connecting pet owners with local pet sitters.,petcare.com,"Business: A platform for connecting pet owners with local pet sitters.
Domain: petcare.com"
A subscription box service for sending personalized care packages.,carepacks.com,"Business: A subscription box service for sending personalized care packages.
Domain: carepacks.com"
An online marketplace for selling handmade crafts and accessories.,creativeshop.com,"Business: An online marketplace for selling handmade crafts and accessories.
Domain: creativeshop.com"
A subscription service for organic and non-GMO food products.,farmtogo.com,"Business: A subscription service for organic and non-GMO food products.
Domain: farmtogo.com"
A platform that connects pet owners with local pet-friendly businesses.,pupcare.com,"Business: A platform that connects pet owners with local pet-friendly businesses.
Domain: pupcare.com"
A service that connects travelers with sustainable accommodations and activities.,greentravel.com,"Business: A service that connects travelers with sustainable accommodations and activities.
Domain: greentravel.com"
A service that helps people find affordable and high-quality furniture.,furni.com,"Business: A service that helps people find affordable and high-quality furniture.
Domain: furni.com"
An app that connects pet owners with local dog walkers and pet sitters.,pawpals.co,"Business: An app that connects pet owners with local dog walkers and pet sitters.
Domain: pawpals.co"
A website that provides tips and resources for sustainable living.,sustain.org,"Business: A website that provides tips and resources for sustainable living.
Domain: sustain.org"
A platform that connects freelance writers with clients in need of high-quality content.,writeoncall.com,"Business: A platform that connects freelance writers with clients in need of high-quality content.
Domain: writeoncall.com"
An online marketplace for handmade crafts and goods.,handmademarket.com,"Business: An online marketplace for handmade crafts and goods.
Domain: handmademarket.com"
A platform that allows users to connect with local dentists and schedule appointments.,dentistmatch.com,"Business: A platform that allows users to connect with local dentists and schedule appointments.
Domain: dentistmatch.com"
A social media platform for pet lovers.,petfriends.com,"Business: A social media platform for pet lovers.
Domain: petfriends.com"
A website that connects freelance writers with businesses in need of content.,writtenconnect.com,"Business: A website that connects freelance writers with businesses in need of content.
Domain: writtenconnect.com"
A subscription box service for handmade soaps and skincare products.,soapbox.com,"Business: A subscription box service for handmade soaps and skincare products.
Domain: soapbox.com"
A website that sells handmade candles and home decor.,handheldelights.com,"Business: A website that sells handmade candles and home decor.
Domain: handheldelights.com"
An online platform for connecting pet owners with local pet sitters and dog walkers.,petsitters.com,"Business: An online platform for connecting pet owners with local pet sitters and dog walkers.
Domain: petsitters.com"
A subscription-based meal kit delivery service that offers healthy and budget-friendly recipes.,mealkits.com,"Business: A subscription-based meal kit delivery service that offers healthy and budget-friendly recipes.
Domain: mealkits.com"
A food delivery service for healthy and organic meals.,fitbitfoods.com,"Business: A food delivery service for healthy and organic meals.
Domain: fitbitfoods.com"
An online platform that connects freelance writers with clients.,wordswithyou.com,"Business: An online platform that connects freelance writers with clients.
Domain: wordswithyou.com"
A fitness coaching app that creates personalized workout plans and tracks progress.,healthyminds.com,"Business: A fitness coaching app that creates personalized workout plans and tracks progress.
Domain: healthyminds.com"
A website that provides educational resources for learning to code.,coderoo.com,"Business: A website that provides educational resources for learning to code.
Domain: coderoo.com"
A subscription-based meal kit delivery service that offers healthy and organic meal options.,wholesomeplates.com,"Business: A subscription-based meal kit delivery service that offers healthy and organic meal options.
Domain: wholesomeplates.com"
A mobile app that helps people find local fitness classes and trainers.,fitfinder.app,"Business: A mobile app that helps people find local fitness classes and trainers.
Domain: fitfinder.app"
A website that provides a platform for aspiring artists to sell their work.,artbazaar.com,"Business: A website that provides a platform for aspiring artists to sell their work.
Domain: artbazaar.com"
A social media management tool for small businesses.,smmbusiness.com,"Business: A social media management tool for small businesses.
Domain: smmbusiness.com"
A meal delivery service that specializes in vegan and gluten-free options.,veganplatter.com,"Business: A meal delivery service that specializes in vegan and gluten-free options.
Domain: veganplatter.com"
A mobile app that connects users with local businesses offering discounts and promotions.,discounts.co,"Business: A mobile app that connects users with local businesses offering discounts and promotions.
Domain: discounts.co"
"An online store that sells handmade, eco-friendly clothing and accessories.",handmadeverse.com,"Business: An online store that sells handmade, eco-friendly clothing and accessories.
Domain: handmadeverse.com"
An online platform that connects freelance writers with clients looking for content creation services.,writeitup.com,"Business: An online platform that connects freelance writers with clients looking for content creation services.
Domain: writeitup.com"
A mobile app that helps users find and book local personal trainers and fitness classes.,fitbuddies.app,"Business: A mobile app that helps users find and book local personal trainers and fitness classes.
Domain: fitbuddies.app"
"An online store that sells organic, fair trade coffee beans and tea blends.",organiccoffee.com,"Business: An online store that sells organic, fair trade coffee beans and tea blends.
Domain: organiccoffee.com"
A subscription service for organic skincare products.,organicbeauty.com,"Business: A subscription service for organic skincare products.
Domain: organicbeauty.com"
An online bookstore specializing in rare and out-of-print books.,rarereads.com,"Business: An online bookstore specializing in rare and out-of-print books.
Domain: rarereads.com"
A subscription service for healthy meal delivery.,healthyliving.com,"Business: A subscription service for healthy meal delivery.
Domain: healthyliving.com"
A mobile app that helps users track their daily water intake.,hydrate.me,"Business: A mobile app that helps users track their daily water intake.
Domain: hydrate.me"
A social media platform for pet owners to connect with one another.,petfriends.com,"Business: A social media platform for pet owners to connect with one another.
Domain: petfriends.com"
A meal delivery service featuring locally sourced and organic ingredients.,farmfreshmeals.com,"Business: A meal delivery service featuring locally sourced and organic ingredients.
Domain: farmfreshmeals.com"
A personal finance app that helps users track their spending and saving habits.,moneywise.com,"Business: A personal finance app that helps users track their spending and saving habits.
Domain: moneywise.com"
An online marketplace for handmade and artisanal goods.,artisanalhub.com,"Business: An online marketplace for handmade and artisanal goods.
Domain: artisanalhub.com"
A language learning platform that offers interactive lessons and mobile apps.,languagelife.com,"Business: A language learning platform that offers interactive lessons and mobile apps.
Domain: languagelife.com"
A platform for connecting dog owners with local pet sitters.,doggycompanions.com,"Business: A platform for connecting dog owners with local pet sitters.
Domain: doggycompanions.com"
A marketplace for handmade jewelry and accessories.,handmadejewelry.com,"Business: A marketplace for handmade jewelry and accessories.
Domain: handmadejewelry.com"
A fitness app that offers personalized workout plans and nutrition advice.,fitme.com,"Business: A fitness app that offers personalized workout plans and nutrition advice.
Domain: fitme.com"
A platform for connecting pet owners to local pet sitters.,petrelax.com,"Business: A platform for connecting pet owners to local pet sitters.
Domain: petrelax.com"
A website that offers personalized meal planning and grocery delivery.,mealfit.com,"Business: A website that offers personalized meal planning and grocery delivery.
Domain: mealfit.com"
A social network for book lovers to connect and share recommendations.,readworms.net,"Business: A social network for book lovers to connect and share recommendations.
Domain: readworms.net"
A platform that connects local artists with buyers.,artconnect.com,"Business: A platform that connects local artists with buyers.
Domain: artconnect.com"
An online store that offers personalized fitness plans and nutrition advice.,fitnesscoach.com,"Business: An online store that offers personalized fitness plans and nutrition advice.
Domain: fitnesscoach.com"
A platform that connects pet owners with local dog walkers and pet sitters.,petcare.com,"Business: A platform that connects pet owners with local dog walkers and pet sitters.
Domain: petcare.com"
A mobile app that helps people find local libraries and book clubs.,readwithme.com,"Business: A mobile app that helps people find local libraries and book clubs.
Domain: readwithme.com"
A platform that connects local farmers with restaurants and grocery stores for direct sales.,farmtovalley.com,"Business: A platform that connects local farmers with restaurants and grocery stores for direct sales.
Domain: farmtovalley.com"
A food delivery service that partners with local restaurants and delivers meals to customers' doors.,fooddelivery.com,"Business: A food delivery service that partners with local restaurants and delivers meals to customers' doors.
Domain: fooddelivery.com"
"A subscription box service that delivers curated gifts and products to people's homes, including unique and locally-made items.",boxofjoy.com,"Business: A subscription box service that delivers curated gifts and products to people's homes, including unique and locally-made items.
Domain: boxofjoy.com"
A social media platform that connects people with similar interests and helps them find local events and activities.,friendfinder.com,"Business: A social media platform that connects people with similar interests and helps them find local events and activities.
Domain: friendfinder.com"
An online marketplace for handmade jewelry and accessories.,handmadejewelry.com,"Business: An online marketplace for handmade jewelry and accessories.
Domain: handmadejewelry.com"
A travel app that helps users find unique and off-the-beaten-path destinations.,adventurefinds.com,"Business: A travel app that helps users find unique and off-the-beaten-path destinations.
Domain: adventurefinds.com"
A social media platform for pet owners to connect and share tips and advice.,petsocial.com,"Business: A social media platform for pet owners to connect and share tips and advice.
Domain: petsocial.com"
A meal delivery service that specializes in plant-based cuisine.,veggiebox.me,"Business: A meal delivery service that specializes in plant-based cuisine.
Domain: veggiebox.me"
A tutoring service that provides one-on-one help for middle school and high school students.,studybuddies.com,"Business: A tutoring service that provides one-on-one help for middle school and high school students.
Domain: studybuddies.com"
A virtual reality gaming platform that offers a wide variety of immersive experiences.,vrealworld.com,"Business: A virtual reality gaming platform that offers a wide variety of immersive experiences.
Domain: vrealworld.com"
A mobile app that connects dog owners with local dog walkers.,pawfectwalks.com,"Business: A mobile app that connects dog owners with local dog walkers.
Domain: pawfectwalks.com"
A website that provides online language lessons for beginners.,languagelearner.com,"Business: A website that provides online language lessons for beginners.
Domain: languagelearner.com"
A social media platform for small businesses to connect with their customers.,smallbizconnects.com,"Business: A social media platform for small businesses to connect with their customers.
Domain: smallbizconnects.com"
A startup that creates sustainable clothing for fashion enthusiasts.,ecofashion.com,"Business: A startup that creates sustainable clothing for fashion enthusiasts.
Domain: ecofashion.com"
An e-commerce platform that sells handmade jewelry and accessories.,artisanjewelry.com,"Business: An e-commerce platform that sells handmade jewelry and accessories.
Domain: artisanjewelry.com"
A website that connects pet owners with local pet-sitters.,petcare.io,"Business: A website that connects pet owners with local pet-sitters.
Domain: petcare.io"
A platform for booking local yoga classes and workshops.,yogatime.com,"Business: A platform for booking local yoga classes and workshops.
Domain: yogatime.com"
A subscription box service for gourmet coffee and tea from around the world.,coffeelover.com,"Business: A subscription box service for gourmet coffee and tea from around the world.
Domain: coffeelover.com"
A meal delivery service that sources ingredients from local farms.,farmtotable.com,"Business: A meal delivery service that sources ingredients from local farms.
Domain: farmtotable.com"
A platform for connecting local businesses with customers.,localhub.co,"Business: A platform for connecting local businesses with customers.
Domain: localhub.co"
A subscription-based service for sustainable fashion.,ecofashion.com,"Business: A subscription-based service for sustainable fashion.
Domain: ecofashion.com"
A meal delivery service that uses only organic and locally sourced ingredients.,farmfresh.com,"Business: A meal delivery service that uses only organic and locally sourced ingredients.
Domain: farmfresh.com"
A sustainable fashion brand that uses recycled materials to create unique clothing items.,recycledstyle.com,"Business: A sustainable fashion brand that uses recycled materials to create unique clothing items.
Domain: recycledstyle.com"
A renewable energy company that installs solar panels and other energy-efficient products for homes and businesses.,energize.com,"Business: A renewable energy company that installs solar panels and other energy-efficient products for homes and businesses.
Domain: energize.com"
A website that connects pet owners with local pet sitters and dog walkers.,petpals.com,"Business: A website that connects pet owners with local pet sitters and dog walkers.
Domain: petpals.com"
A platform that connects small businesses with local artists to purchase custom-made merchandise.,makerspace.com,"Business: A platform that connects small businesses with local artists to purchase custom-made merchandise.
Domain: makerspace.com"
A fitness app that provides personalized workout plans based on users' goals and fitness levels.,fitnees.com,"Business: A fitness app that provides personalized workout plans based on users' goals and fitness levels.
Domain: fitnees.com"
A subscription service for locally-sourced and sustainably-produced beauty and skincare products.,beautyfinds.com,"Business: A subscription service for locally-sourced and sustainably-produced beauty and skincare products.
Domain: beautyfinds.com"
A platform that connects freelance writers with small businesses and individuals who need content creation services.,writerconnect.com,"Business: A platform that connects freelance writers with small businesses and individuals who need content creation services.
Domain: writerconnect.com"
A virtual reality platform for immersive gaming experiences.,vrworld.com,"Business: A virtual reality platform for immersive gaming experiences.
Domain: vrworld.com"
A meal delivery service for plant-based diets.,vegetarianlover.com,"Business: A meal delivery service for plant-based diets.
Domain: vegetarianlover.com"
A subscription service for personalized home decor and interior design services.,designerbundle.com,"Business: A subscription service for personalized home decor and interior design services.
Domain: designerbundle.com"
A pet grooming services franchise that specializes in natural and organic products.,naturalpaws.com,"Business: A pet grooming services franchise that specializes in natural and organic products.
Domain: naturalpaws.com"
A travel agency that focuses on eco-friendly and sustainable travel options.,sustainabletravel.com,"Business: A travel agency that focuses on eco-friendly and sustainable travel options.
Domain: sustainabletravel.com"
A personal health and wellness platform that connects users with licensed nutritionists and fitness trainers.,wellnessconnect.com,"Business: A personal health and wellness platform that connects users with licensed nutritionists and fitness trainers.
Domain: wellnessconnect.com"
A subscription-based platform for online tutoring and study groups.,learnconnect.com,"Business: A subscription-based platform for online tutoring and study groups.
Domain: learnconnect.com"
A mobile app that helps users track their daily water intake and stay hydrated.,stayhydrated.app,"Business: A mobile app that helps users track their daily water intake and stay hydrated.
Domain: stayhydrated.app"
A platform for booking personalized music lessons with professional musicians.,musictime.com,"Business: A platform for booking personalized music lessons with professional musicians.
Domain: musictime.com"
A web-based platform for booking eco-friendly accommodations.,greenhomes.com,"Business: A web-based platform for booking eco-friendly accommodations.
Domain: greenhomes.com"
A subscription service for sustainable fashion items.,ecofashion.com,"Business: A subscription service for sustainable fashion items.
Domain: ecofashion.com"
A fitness app that offers personalized workout plans and nutrition advice.,fitbit.com,"Business: A fitness app that offers personalized workout plans and nutrition advice.
Domain: fitbit.com"
A platform for booking local music performances.,musictimes.com,"Business: A platform for booking local music performances.
Domain: musictimes.com"
A social media platform for pet owners to connect with local veterinarians.,petcare.com,"Business: A social media platform for pet owners to connect with local veterinarians.
Domain: petcare.com"
A meal kit delivery service that sources ingredients from local farmers and producers.,farmkit.com,"Business: A meal kit delivery service that sources ingredients from local farmers and producers.
Domain: farmkit.com"
"A subscription-based meal delivery service that delivers fresh, organic ingredients to your doorstep.",nutritious.com,"Business: A subscription-based meal delivery service that delivers fresh, organic ingredients to your doorstep.
Domain: nutritious.com"
A virtual fashion boutique that offers sustainable clothing options from eco-conscious brands.,greenstyle.com,"Business: A virtual fashion boutique that offers sustainable clothing options from eco-conscious brands.
Domain: greenstyle.com"
An online platform that connects freelance writers with clients looking for writing services.,writeoncall.com,"Business: An online platform that connects freelance writers with clients looking for writing services.
Domain: writeoncall.com"
A mobile app that helps users track their daily water intake and reminds them to stay hydrated.,hydrate.app,"Business: A mobile app that helps users track their daily water intake and reminds them to stay hydrated.
Domain: hydrate.app"
An online marketplace for handmade jewelry.,handmadejewelry.com,"Business: An online marketplace for handmade jewelry.
Domain: handmadejewelry.com"
A meal kit delivery service for busy families.,familymeals.com,"Business: A meal kit delivery service for busy families.
Domain: familymeals.com"
A subscription box for home decor and furnishings.,furnishingsbox.com,"Business: A subscription box for home decor and furnishings.
Domain: furnishingsbox.com"
A mobile app that connects pet owners with local pet walkers and sitters.,petcare.app,"Business: A mobile app that connects pet owners with local pet walkers and sitters.
Domain: petcare.app"
An online tutoring service for elementary school students.,tuition.com,"Business: An online tutoring service for elementary school students.
Domain: tuition.com"
A personalized meal planning app that connects users with local chefs.,mealful.me,"Business: A personalized meal planning app that connects users with local chefs.
Domain: mealful.me"
"A subscription box service that delivers fresh, organic produce and garden products.",nourishbox.com,"Business: A subscription box service that delivers fresh, organic produce and garden products.
Domain: nourishbox.com"
A virtual fitness platform that offers personalized workout plans and nutrition guidance.,fitforlife.com,"Business: A virtual fitness platform that offers personalized workout plans and nutrition guidance.
Domain: fitforlife.com"
A platform for renting out unused parking spaces in urban areas.,parkit.com,"Business: A platform for renting out unused parking spaces in urban areas.
Domain: parkit.com"
A meal delivery service for people with dietary restrictions.,dietarydelivery.com,"Business: A meal delivery service for people with dietary restrictions.
Domain: dietarydelivery.com"
A mobile app that connects pet owners with local dog walkers.,pawlet.app,"Business: A mobile app that connects pet owners with local dog walkers.
Domain: pawlet.app"
A subscription box service for unique jewelry and accessories.,jewelrybox.com,"Business: A subscription box service for unique jewelry and accessories.
Domain: jewelrybox.com"
A mobile app that helps people find the best deals on flights and hotels.,travelsavvy.app,"Business: A mobile app that helps people find the best deals on flights and hotels.
Domain: travelsavvy.app"
A platform for booking eco-friendly accommodation and experiences.,greentraveler.com,"Business: A platform for booking eco-friendly accommodation and experiences.
Domain: greentraveler.com"
An online marketplace for locally sourced and handmade crafts.,craftswithouts.com,"Business: An online marketplace for locally sourced and handmade crafts.
Domain: craftswithouts.com"
A social media platform for sustainable living and eco-friendly lifestyle tips.,sustainably.com,"Business: A social media platform for sustainable living and eco-friendly lifestyle tips.
Domain: sustainably.com"
"A subscription-based meal delivery service that features recipes and meals made from locally sourced, organic ingredients.",localfooddelivery.com,"Business: A subscription-based meal delivery service that features recipes and meals made from locally sourced, organic ingredients.
Domain: localfooddelivery.com"
A community-based platform for local artists to showcase their work and sell their creations.,artsyhome.com,"Business: A community-based platform for local artists to showcase their work and sell their creations.
Domain: artsyhome.com"
"An online marketplace for handmade, one-of-a-kind jewelry and accessories created by independent designers.",handmadejewelry.com,"Business: An online marketplace for handmade, one-of-a-kind jewelry and accessories created by independent designers.
Domain: handmadejewelry.com"
A platform for connecting pet owners with local pet sitters.,petfinder.com,"Business: A platform for connecting pet owners with local pet sitters.
Domain: petfinder.com"
A subscription box service for gourmet coffee and tea.,coffeeshopbox.com,"Business: A subscription box service for gourmet coffee and tea.
Domain: coffeeshopbox.com"
A mobile app that helps people find local fitness classes.,fitfinder.com,"Business: A mobile app that helps people find local fitness classes.
Domain: fitfinder.com"
An online marketplace for handmade jewelry and accessories.,handmadehoopla.com,"Business: An online marketplace for handmade jewelry and accessories.
Domain: handmadehoopla.com"
A food delivery service for healthy meals.,healthyeatsdelivery.com,"Business: A food delivery service for healthy meals.
Domain: healthyeatsdelivery.com"
A subscription service for personalized meal delivery.,mealie.com,"Business: A subscription service for personalized meal delivery.
Domain: mealie.com"
A platform for renting out vacation homes and second properties.,vacationrentals.com,"Business: A platform for renting out vacation homes and second properties.
Domain: vacationrentals.com"
A virtual fashion styling service that matches clothes to your body type.,stylefit.com,"Business: A virtual fashion styling service that matches clothes to your body type.
Domain: stylefit.com"
An online marketplace for buying and selling vintage clothing.,vintagelife.com,"Business: An online marketplace for buying and selling vintage clothing.
Domain: vintagelife.com"
A website that provides curated content for pet owners.,petplanet.com,"Business: A website that provides curated content for pet owners.
Domain: petplanet.com"
A subscription service for monthly boxes of gourmet snacks.,snackbox.com,"Business: A subscription service for monthly boxes of gourmet snacks.
Domain: snackbox.com"
A meal prep service for busy professionals.,mealprep.com,"Business: A meal prep service for busy professionals.
Domain: mealprep.com"
A platform that connects freelance writers with clients.,writeon.com,"Business: A platform that connects freelance writers with clients.
Domain: writeon.com"
A website that provides personalized workout plans.,fitforlife.com,"Business: A website that provides personalized workout plans.
Domain: fitforlife.com"
An online marketplace for handmade jewelry and accessories.,handmade.shop,"Business: An online marketplace for handmade jewelry and accessories.
Domain: handmade.shop"
A service that delivers healthy meal kits to your doorstep.,mealsketch.com,"Business: A service that delivers healthy meal kits to your doorstep.
Domain: mealsketch.com"
A mobile app that connects users with local farmers markets.,freshfinds.app,"Business: A mobile app that connects users with local farmers markets.
Domain: freshfinds.app"
"A subscription service that delivers fresh, locally-sourced fruits and vegetables to your doorstep.",farmfreshdaily.com,"Business: A subscription service that delivers fresh, locally-sourced fruits and vegetables to your doorstep.
Domain: farmfreshdaily.com"
An online platform for buying and selling secondhand clothing and accessories.,thredup.com,"Business: An online platform for buying and selling secondhand clothing and accessories.
Domain: thredup.com"
"A personalized meal delivery service that offers healthy, organic meals for families.",wholesomehome.com,"Business: A personalized meal delivery service that offers healthy, organic meals for families.
Domain: wholesomehome.com"
A subscription service that delivers organic skincare products to your doorstep.,nourishedskin.com,"Business: A subscription service that delivers organic skincare products to your doorstep.
Domain: nourishedskin.com"
A website that sells handmade furniture and home decor.,handmadehome.com,"Business: A website that sells handmade furniture and home decor.
Domain: handmadehome.com"
A social media platform for pet lovers.,petlovers.com,"Business: A social media platform for pet lovers.
Domain: petlovers.com"
A language learning app that focuses on conversational skills.,conversationallearner.com,"Business: A language learning app that focuses on conversational skills.
Domain: conversationallearner.com"
A website that offers virtual fitness classes.,fitify.com,"Business: A website that offers virtual fitness classes.
Domain: fitify.com"
A platform for connecting pet owners with local pet sitters.,petrelocate.com,"Business: A platform for connecting pet owners with local pet sitters.
Domain: petrelocate.com"
A social media platform for pet lovers to share pictures and stories.,petpals.com,"Business: A social media platform for pet lovers to share pictures and stories.
Domain: petpals.com"
An online platform for renting out unused parking spaces in urban areas.,parkingmatch.com,"Business: An online platform for renting out unused parking spaces in urban areas.
Domain: parkingmatch.com"
A language learning app that uses gamification to make studying fun.,languagebuddy.com,"Business: A language learning app that uses gamification to make studying fun.
Domain: languagebuddy.com"
A platform for freelance writers to connect with clients and get paid for their work.,writeon.com,"Business: A platform for freelance writers to connect with clients and get paid for their work.
Domain: writeon.com"
A platform for connecting pet owners with local pet sitters.,pawlovers.com,"Business: A platform for connecting pet owners with local pet sitters.
Domain: pawlovers.com"
A website that offers personalized gift recommendations based on a person's interests.,giftfinder.com,"Business: A website that offers personalized gift recommendations based on a person's interests.
Domain: giftfinder.com"
"A social network for pet owners, connecting them with local resources and services.",petcommunity.com,"Business: A social network for pet owners, connecting them with local resources and services.
Domain: petcommunity.com"
A platform that connects small businesses with local print shops for personalized marketing materials.,smallprintshop.com,"Business: A platform that connects small businesses with local print shops for personalized marketing materials.
Domain: smallprintshop.com"
An online marketplace for handmade jewelry from artisans around the world.,handcraftedjewelry.com,"Business: An online marketplace for handmade jewelry from artisans around the world.
Domain: handcraftedjewelry.com"
A weekly meal delivery service that sources ingredients from local farmers and provides recipe cards for each meal.,farmfreshdelivery.com,"Business: A weekly meal delivery service that sources ingredients from local farmers and provides recipe cards for each meal.
Domain: farmfreshdelivery.com"
"A subscription box service that delivers healthy snacks, drinks, and wellness products to your doorstep each month.",wholesomebox.com,"Business: A subscription box service that delivers healthy snacks, drinks, and wellness products to your doorstep each month.
Domain: wholesomebox.com"
A digital agency that specializes in helping small businesses with their social media and online marketing strategies.,smallbusinessmarketing.com,"Business: A digital agency that specializes in helping small businesses with their social media and online marketing strategies.
Domain: smallbusinessmarketing.com"
A website that connects pet owners with local dog walkers.,pawpals.com,"Business: A website that connects pet owners with local dog walkers.
Domain: pawpals.com"
A social networking platform for animal lovers.,pawww.com,"Business: A social networking platform for animal lovers.
Domain: pawww.com"
An online marketplace for handmade animal-themed accessories.,pawsty.com,"Business: An online marketplace for handmade animal-themed accessories.
Domain: pawsty.com"
A website that connects pet owners with local dog walkers.,pawprint.com,"Business: A website that connects pet owners with local dog walkers.
Domain: pawprint.com"
A social networking site for book lovers.,readers.com,"Business: A social networking site for book lovers.
Domain: readers.com"
A platform for booking affordable vacation rentals.,vacationfinds.net,"Business: A platform for booking affordable vacation rentals.
Domain: vacationfinds.net"
A social media management service for small businesses.,smallbizmanager.com,"Business: A social media management service for small businesses.
Domain: smallbizmanager.com"
A meal kit delivery service that offers vegan and vegetarian options.,vegankitchesshop.com,"Business: A meal kit delivery service that offers vegan and vegetarian options.
Domain: vegankitchesshop.com"
A website that connects freelance writers with clients.,writeonrequest.com,"Business: A website that connects freelance writers with clients.
Domain: writeonrequest.com"
A website that offers personalized workout plans and nutrition advice.,fitcoach.com,"Business: A website that offers personalized workout plans and nutrition advice.
Domain: fitcoach.com"
A mobile app that helps people find the best deals on flights.,frequentflyer.com,"Business: A mobile app that helps people find the best deals on flights.
Domain: frequentflyer.com"
An online platform for booking vacation rentals in exotic locations.,expedia.com,"Business: An online platform for booking vacation rentals in exotic locations.
Domain: expedia.com"
A mobile app that connects pet owners with local dog walkers.,walkies.com,"Business: A mobile app that connects pet owners with local dog walkers.
Domain: walkies.com"
A website that offers personalized pet grooming services.,petsmoothie.com,"Business: A website that offers personalized pet grooming services.
Domain: petsmoothie.com"
A personalized online coaching service for small business owners.,smbcoach.io,"Business: A personalized online coaching service for small business owners.
Domain: smbcoach.io"
A meal kit delivery service that focuses on locally sourced ingredients.,localfoodkit.com,"Business: A meal kit delivery service that focuses on locally sourced ingredients.
Domain: localfoodkit.com"
A virtual event platform for book clubs and author events.,bookclub.me,"Business: A virtual event platform for book clubs and author events.
Domain: bookclub.me"
A platform that connects freelance writers with businesses in need of content.,wordscout.com,"Business: A platform that connects freelance writers with businesses in need of content.
Domain: wordscout.com"
A subscription service that delivers healthy snacks and meals to your doorstep.,snackbox.com,"Business: A subscription service that delivers healthy snacks and meals to your doorstep.
Domain: snackbox.com"
A personalized meal planning app that takes into account dietary restrictions and preferences.,mealplanner.com,"Business: A personalized meal planning app that takes into account dietary restrictions and preferences.
Domain: mealplanner.com"
A digital marketing agency that specializes in social media management.,socialboost.com,"Business: A digital marketing agency that specializes in social media management.
Domain: socialboost.com"
An online marketplace for handmade crafts and products.,craftsmarket.com,"Business: An online marketplace for handmade crafts and products.
Domain: craftsmarket.com"
A personalized meal delivery service for busy professionals.,mealjoy.com,"Business: A personalized meal delivery service for busy professionals.
Domain: mealjoy.com"
A virtual fashion styling service for women.,flairstyle.com,"Business: A virtual fashion styling service for women.
Domain: flairstyle.com"
An online marketplace for handmade jewelry and accessories.,handcrafted.com,"Business: An online marketplace for handmade jewelry and accessories.
Domain: handcrafted.com"
A subscription-based meal planning service that focuses on plant-based options.,plant-basedplans.com,"Business: A subscription-based meal planning service that focuses on plant-based options.
Domain: plant-basedplans.com"
A website that allows people to rent out their spare rooms to travelers.,homeaway.com,"Business: A website that allows people to rent out their spare rooms to travelers.
Domain: homeaway.com"
A platform that connects freelance writers with clients who need content creation services.,writefinds.com,"Business: A platform that connects freelance writers with clients who need content creation services.
Domain: writefinds.com"
A service that delivers healthy meal kits to your doorstep on a weekly basis.,wellnesskit.com,"Business: A service that delivers healthy meal kits to your doorstep on a weekly basis.
Domain: wellnesskit.com"
A website that provides personalized nutrition plans and meal delivery.,healthyshelf.com,"Business: A website that provides personalized nutrition plans and meal delivery.
Domain: healthyshelf.com"
A platform that connects freelance writers with businesses looking for content.,writeon.com,"Business: A platform that connects freelance writers with businesses looking for content.
Domain: writeon.com"
"A virtual event platform for businesses to host online conferences, webinars, and more.",onstage.com,"Business: A virtual event platform for businesses to host online conferences, webinars, and more.
Domain: onstage.com"
A food delivery service that partners with locally-owned restaurants and cafes.,localfooddelivery.com,"Business: A food delivery service that partners with locally-owned restaurants and cafes.
Domain: localfooddelivery.com"
A platform that connects freelance graphic designers with clients in need of creative services.,designitup.com,"Business: A platform that connects freelance graphic designers with clients in need of creative services.
Domain: designitup.com"
An online marketplace for second-hand goods and vintage items.,vintagehub.com,"Business: An online marketplace for second-hand goods and vintage items.
Domain: vintagehub.com"
